{"cameraMode":{"drawMode":0,"name":"Shaded","section":"Shading Mode"},"sceneLighting":true,"audioPlay":false,"sceneViewState":{"showFog":true,"showMaterialUpdate":false,"showSkybox":true,"showFlares":true,"showImageEffects":true,"showParticleSystems":true},"in2DMode":false,"pivot":{"x":0.4311347007751465,"y":0.4076552391052246,"z":-0.6548619270324707},"rotation":{"x":-0.07071314007043839,"y":0.9190242290496826,"z":-0.19329974055290223,"w":-0.33619844913482668},"size":10.0,"orthographic":false}